keys,en,ja,es
UI_ALERT_EXIT_TITLE,Are you sure you want to exit?,,
UI_ALERT_EXIT_MATCH,This will end the match for everyone and return to the match setup screen.,,
UI_BUTTON_OK,OK,はい,
UI_BUTTON_CANCEL,Cancel,取り消す,
UI_BUTTON_BACK,Back,戻る,
UI_BUTTON_CLOSE,Close,閉じる,
UI_BUTTON_CHANGE,Change,変わる,
UI_BUTTON_SAVE,Save,保存する,
UI_BUTTON_RESET,Reset,リセット,
UI_BUTTON_PLAY_DEMO,Play Demo,デモプレイ,
UI_BUTTON_LOAD_STATE,Load From State,状態をロードする,
UI_BUTTON_SAVE_STATE,Save State,状態を保存する,
UI_BUTTON_PREVIOUS_TRIAL,Prev Trial,前のトライアル,
UI_BUTTON_NEXT_TRIAL,Next Trial,次のトライアル,
UI_BUTTON_COMMAND_LIST,Command List,コマンドリスト,
UI_MENU_EDIT_CONTROLS,Edit Controls,ボタン設定,
UI_MENU_EDIT_KEYBOARD_CONTROLS,Edit Keyboard Controls,キーボード設定,
UI_MENU_YOUR_NAME,Your Name:,ハンドル：,
UI_MENU_JOIN_DISCORD,Join our discord!,discordに参加しよう！,
UI_MENU_EXIT_HINT,Exit: Select - Backspace,終了：選択ボタン - バックスペース,
UI_MENU_VERSUS_MODES,Versus Modes,ローカル対戦,
UI_MENU_TWO_PLAYER,2 Player,2人対戦,
UI_MENU_NEW_CHALLENGER,New Challenger:,,
UI_MENU_CHALLENGER_NAME,Challenger Name,,
UI_MENU_INPUT_DELAY,Input Delay: 2,,
UI_MENU_GO,GO!,行け！,
UI_MENU_DECLINE,Decline,断る,
UI_MENU_ROOM_SETTINGS,Room Settings:,ルーム設定,
UI_MENU_CREATE_ROOM,Create Room,ルームを作る,
UI_MENU_OPEN_LOBBIES,Currently open Lobbies:,,
UI_MENU_JOIN_PRIVATE_ROOM,Join Private Room,プライベートルームに参加する,
UI_MENU_ROOM_ID,Room ID,ルームID,
UI_MENU_PASTE_CLIPBOARD,Paste from Clipboard,クリップボードからペーストする,
UI_MENU_CHALLENGE,Challenge,挑戦する,
UI_MENU_SPECTATE,Spectate,,
UI_MENU_LOGGING_IN,Logging in to Server...,,
UI_MENU_DISPLAY_NAME,Display Name,ハンドルネーム,
UI_MENU_NETPLAY,Netplay:,ネットコード：,
UI_MENU_PRIVATE_ROOM,Private Room,プライベートルーム,
UI_MENU_JOIN_ROOM,Join Room,ルームに参加する,
UI_MENU_PUBLIC_ROOM,Public Room,オープンルーム,
UI_MENU_DIRECT_IP,Direct IP connection (Needs port forwarding),,
UI_MENU_HOST,Host,ホスト,
UI_MENU_PORT,Port,ポート,
UI_MENU_SERVER,Server,サーバー,
UI_MENU_COPY_ROOM_ID,Copy Room ID,ルームIDをコピーする,
UI_MENU_BATTLE_VERSION,Battle Version:,バージョン：,
UI_MENU_CREDITS,CREDITS:,スタッフロール：,
UI_OPTIONS_FULLSCREEN,Fullscreen,スクリーンモード,
UI_OPTIONS_VSYNC,VSync,垂直同期,
UI_OPTIONS_MAIN_VOLUME,Main Volume,全体音量,
UI_OPTIONS_MUSIC,Music,BGM音量,
UI_OPTIONS_SOUND,Sound,効果音音量,
UI_OPTIONS_VOICE,Voice,音声音量,
UI_OPTIONS_LANGUAGE,Language,言語,
UI_OPTIONS_SAVE_REPLAYS,Save Replays,リプレイを保存する,
UI_OPTIONS_DEBUG_ROLLBACK_LOGS,Debug Rollback Logs,,
UI_OPTIONS_GET_LOGS_PATH,Get Logs Path,,
UI_OPTIONS_COPY_CLIPBOARD,Copy to clipboard,コピー,
UI_OPTIONS_RESET_CONTROLS,Reset Controls File,デフォルトに戻す,
UI_REPLAY_OPEN_FILE,Open a replay file:,,
UI_REPLAY_DELETE_MODE,Delete Mode,消すモード,
UI_REPLAY_CLOSE_MENU,Close Menu,閉じる,
UI_REPLAY_TAKEOVER,Replay Takeover,,
UI_REPLAY_LOAD_TAKEOVER,Load Takeover State,,
UI_REPLAY_LOAD_BACK_HINT,Load (Back button works too),状態をロードする(戻るボタンもよい),
UI_TRAINING_LOADED_STATE,Loaded State,ロード状態,
UI_TRAINING_ATTACK_DAMAGE,Attack Damage:,ダメージ：,
UI_TRAINING_COMBO_DAMAGE,Combo Damage:,コンボダメージ：,
UI_TRAINING_STANCE,Stance,相手の状態,
UI_TRAINING_COUNTER_HIT,CounterHit,カウンターヒット,
UI_TRAINING_BLOCK_SETTINGS,Block Settings,ガード設定,
UI_TRAINING_BLOCK_SWITCHING,Block Switching,ガード変わり,
UI_TRAINING_BLOCK_TYPE,Block Type,ガードタイプ,
UI_TRAINING_AIR_RECOVERY,Air Recovery,空中受け身,
UI_TRAINING_SUPER_METER,Super Meter,スーパーゲージ,
UI_TRAINING_ASSIST_METER,Assist Meter,アシストゲージ,
UI_TRAINING_SYNC_RATE,Sync Rate,シンク率,
UI_TRAINING_ASSIST_METER_BUILD,Assist Meter Build,アシストゲージ溜め,
UI_TRAINING_METER_REFILL,Meter Refill,ゲージ溜め,
UI_TRAINING_CLOSE_COMMAND_LIST,Close,閉じる,
UI_TRAINING_NONE,NONE,なし,
UI_TRAINING_ALL,ALL,全部,
UI_TRAINING_ENABLED,ENABLED,オン,
UI_TRAINING_DISABLED,DISABLED,オフ,
UI_TRAINING_NORMAL_BLOCK,NORMAL BLOCK,ガード,
UI_TRAINING_INSTANT_BLOCK,INSTANT BLOCK,直前ガード,
UI_TRAINING_PUSH_BLOCK,PUSH BLOCK,FDガード,
UI_TRAINING_INSTANT_PUSH_BLOCK,INSTANT PUSH BLOCK,直前FDガード,
UI_TRAINING_PARRY,PARRY,パリィ,
UI_TRAINING_NEUTRAL,NEUTRAL,ニュートラル,
UI_TRAINING_FORWARD,FORWARD,前方,
UI_TRAINING_BACKWARD,BACKWARD,後方,
UI_TRAINING_OFF,OFF,オフ,
UI_TRAINING_ON,ON,オン,
UI_TRAINING_HAPPY_BIRTHDAY,HAPPY BIRTHDAY,ハッピーバースデー,
UI_TRAINING_STAND,STAND,立ち,
UI_TRAINING_CROUCH,CROUCH,しゃがみ,
UI_TRAINING_JUMP,JUMP,ジャンプ,
UI_STATUS_WAITING_PLAYERS,Waiting for players...,,
UI_STATUS_WAITING_MATCH,Waiting for next match...,,
UI_STATUS_REGAINING_SYNC,Regaining sync...,,
UI_STATUS_CONNECTED,CONNECTED,,
UI_STATUS_DISCONNECTED,Disconnected from match,,
UI_STATUS_CONNECTING_SERVER,Connecting to server,,
UI_STATUS_CONNECTING_LOCAL_SERVER,Connecting to local server,,
UI_STATUS_UNABLE_CONNECT_SERVER,Unable to connect to server,,
UI_STATUS_USERNAME_FAILED,"Unable to create username, try changing your name on the main menu",,
UI_STATUS_USERNAME_UPDATE_FAILED,Unable to connect to server and update username,,
UI_STATUS_CONNECTED_SERVER,Connected to server,,
UI_STATUS_MATCHMAKING_QUEUED,Joined the matchmaking queue...,,
UI_STATUS_MATCH_STARTING,Match is starting!,,
UI_STATUS_PRIVATE_MATCH_CREATED,Private match created: {match_id},,
UI_STATUS_JOINED_PRIVATE_MATCH,Joined private match: {match_id},,
UI_STATUS_PLAYER_JOINED,Player joined: {player_name},,
UI_STATUS_PLAYER_LEFT,Player left: {player_name},,
UI_STATUS_MATCH_ERROR,ERROR: {message},,
UI_STATUS_LOADING_TEAMS,Loading teams...,,
UI_STATUS_LOAD_COMPLETE,Load complete!,,
UI_STATUS_ALL_PEERS_LOADED,All peers loading completed!,,
UI_STATUS_WAITING_PEER,Load complete: waiting on peer,,
UI_STATUS_DISCONNECTED_BACK,"Disconnected, Press Back button to exit to lobby",,
UI_STATUS_FATAL_SYNC_ERROR,"Fatal sync error: {message} , Press Back button to exit to lobby",,
UI_STATUS_RECORDING_READY,Standy for Recording...,,
UI_STATUS_PLAYING_DEMO,Playing demo,,
UI_STATUS_NO_RECORDING,No recording found,,
UI_STATUS_RECORDING_SAVED,Saved recording,,
UI_STATUS_RECORDING_CANCELLED,Cancelled recording,,
UI_STATUS_REPLAYING,Replaying,,
UI_STATUS_DATA_UPDATED,Data updated,,
UI_STATUS_REWINDING,rewinding...,,
UI_STATUS_FAST_FORWARDING,fast forwarding...,,
UI_STATUS_TAKEOVER_P1,takeover p1,,
UI_STATUS_TAKEOVER_P2,takeover p2,,
UI_STATUS_NO_REPLAY_TAKEOVER,not currently in replay takeover state,,
UI_STATUS_COULD_NOT_DELETE,Couldn't delete,,
UI_STATUS_CANNOT_OPEN_REPLAY_DIR,Can't open replay directory,,
UI_STATUS_NO_REPLAY_SELECTED,No replay selected,,
UI_STATUS_SELECT_REPLAY_DELETE,Select replay to delete,,
UI_STATUS_COPIED_FILE_PATH,Copied file path,,
UI_STATUS_CLEARED_CONTROLS_FILE,Cleared controllersettings.cfg,controllersettings.cfg消してある,
UI_STATUS_ROLLBACK_LOG_WARNING_ON,"ON, Warning: log files take up lots of storage space!",,
UI_STATUS_ROLLBACK_LOG_WARNING_OFF,"OFF, if you want to help catch rollback desyncs, enable this",,
UI_LABEL_PING,Ping: {ping} ms,Ping: {ping} ms,
UI_LABEL_ROLLBACK_FRAME,RollbackFrame: {frames}F,ロールバックフレーム：{frames}F,
UI_LABEL_INPUT_DELAY,Input Delay: {frames},入力遅延：{frames},
UI_LABEL_PLAYERS_COUNT,{count} players,,
UI_LABEL_PLAYERS_CAPACITY,{count} / {maximum} players,,
UI_LABEL_MAX_LOBBY_SIZE,Max lobby size: {count},,
UI_LABEL_TIMER,Time: {seconds},時間：{seconds},
UI_LABEL_BATTLE_VERSION,Battle Version: {version},,
UI_LABEL_STAGE,STAGE: {stage},ステージ: {stage},
UI_LABEL_BGM,BGM: {bgm},曲: {bgm},
UI_LABEL_WIN_STREAK,Win streak: {count},連勝：{count},
UI_LABEL_WINS,Wins: {count},勝ち：{count},
UI_LABEL_SPECTATING,Spectating,環視している,
UI_LABEL_STATUS_IN_GAME,In a Game,対戦中,
UI_LABEL_STATUS_CHALLENGING,Challenging,挑戦している,
UI_LABEL_STATUS_DECIDING,Deciding,決めている,
UI_LABEL_STATUS_READY,Ready,レディ,
UI_LABEL_SERVER_SEARCHING,Server:Searching for connection,,
UI_LABEL_SERVER_ERROR,Server ERROR: {error},,
UI_LABEL_CLIENT_SEARCHING,Client:Searching for connection,,
UI_LABEL_CLIENT_ERROR,Client ERROR: {error},,
UI_LABEL_ERROR,ERROR: {message},ERROR: {message},
UI_COMBO_SUCCESS,SUCCESS!,サクセス！,
UI_BUTTON_UNMAP,Unmap=,ボタン設定を消す＝,
UI_BUTTON_UNMAP_KEYBOARD,Unmap=[ESC],ボタン設定を消す＝[ESC],
UI_BUTTON_LIGHT,A (Light),A (弱攻撃),
UI_BUTTON_MEDIUM,B (Medium),B (中攻撃),
UI_BUTTON_HEAVY,C (Heavy),C (強攻撃）,
UI_BUTTON_ASSIST,D (Assist),D (アシスト),
UI_BUTTON_DASH,A+B (Dash),A+B (ダッシュ),
UI_BUTTON_RUN,A+B (Run),A+B (走り),
UI_BUTTON_THROW,A+D (Throw),A+D (投げ),
UI_BUTTON_PARRY,B+C (Parry),B+C (パリィ),
UI_BUTTON_R_CANCEL,A+B+C (RCancel),A+B+C (ライブキャン),
UI_BUTTON_BURST,A+B+C+D (Burst),A+B+C+D (バースト),
UI_MENU_PING_UNKNOWN,Ping: ???ms,Ping: ???ms,
UI_MENU_INPUT_DELAY_DEFAULT,Input Delay: 2,入力遅延：2,
UI_STATUS_HOLD_START,Hold Start...,スタートを押したまま…,
UI_LABEL_ATTACK_DAMAGE,Attack Damage:,ダメージ：,
UI_LABEL_COMBO_DAMAGE,Combo Damage:,コンボダメージ：,
UI_LABEL_CURRENT_PING,Ping:160 ms,Ping:160 ms,
UI_LABEL_CURRENT_ROLLBACK,RollbackFrame: 2F,ロールバックフレーム：2F,
UI_LABEL_WINS_PREFIX,Wins:,勝ち：,
UI_LABEL_WIN_STREAK_TITLE,Win Streak:,連勝：,
UI_STATUS_WOW,WOW,WOW,
UI_STATUS_NOTHING,(Nothing),(Nothing),
UI_STATUS_NONE,<None>,<None>,
UI_HINT_BACK_BUTTON,(Back button also works),(戻るボタンもよい),
UI_LABEL_ROOM_ID_PREFIX,RoomID:,ルームID：,
UI_STATUS_LOADING,Loading: {progress}/{total},ローディング：{progress}/{total},
UI_BUTTON_CLEAR_CONTROLS,Clear Controls,,
UI_BUTTON_GO_BACK,Go Back,戻る,
UI_OPTIONS_RESET_DEFAULT,Reset to default,,
UI_LABEL_UP,Up,上,
UI_LABEL_DOWN,Down,下,
UI_LABEL_LEFT,Left,左,
UI_LABEL_RIGHT,Right,右,
UI_MENU_BGM,BGM:,曲：,
UI_MENU_STAGE,STAGE:,ステージ：,
UI_MENU_FIND_ROOM,Find Room,ルームを探す,
UI_MENU_VERSUS_CPU,Versus CPU,CPU対戦,
UI_MENU_HIDE_ROOM_ID,Hide/UnHide RoomId,ルームIDを隠す/出す,
UI_MENU_SEARCH,Search,サーチ,
UI_MENU_CHANGE_CONTROLS,Change Controls,ボタン設定,
UI_MENU_QUIT_TRAINING,Quit Training,トレーニング終了,
UI_REPLAY_PLAYER_ONE,Player 1,,
UI_REPLAY_PLAYER_TWO,Player 2,,
UI_STATUS_PUBLIC_LOBBY_CREATED,Created new public lobby: {match_id},,
UI_STATUS_PASTED_CLIPBOARD,Pasted from clipboard,,
UI_STATUS_PEERS_LOADED,# of Peers loaded: {count},,
UI_STATUS_UNABLE_OPPONENT_PEER,unable to find opponent's peer id,,
UI_STATUS_UNABLE_CLIENT_PEER,unable to find client peer id,,
UI_STATUS_FAILED_REPLAY_LOGGER,Failed to start replay logger,,
UI_STATUS_GAME_LOADED,Game loaded,,
UI_STATUS_SERVER_CONNECTED,CONNECTED,,
UI_STATUS_SERVER_DISCONNECTED,Disconnected,,
UI_LABEL_COMBO_TRIAL,Combo Trial:,コンボトライアル：,
UI_MENU_CLIENT,Client,,
UI_STATUS_LOADED_STATE,Loaded State,,
UI_STATUS_TEAMS_SELECTED,Teams selected!,,
UI_STATUS_LOCAL_TEAMS_SELECTED,Locally: teams selected!,,
UI_STATUS_PEERS_LOADING_COMPLETE,All peers loading completed!,,
UI_STATUS_GOING_TO_MATCH,Going to match...,,
UI_STATUS_CONNECTED_PEER,CONNECTED {peer_id},,
UI_STATUS_DISCONNECTED_PEER,Disconnected {peer_id},,
UI_BUTTON_RECORD,Record,,
UI_BUTTON_REPLAY,Replay,,
UI_BUTTON_OK_EXCLAIM,OK!,OK!,
UI_BUTTON_LOGIN,Login,ログイン,
UI_BUTTON_EXIT_OPTIONS,Exit Options,オプション終了,
UI_BUTTON_QUIT,Quit,終了,
UI_MENU_QUIT_VERSUS,Quit Versus,バーサス終了,
UI_TRAINING_TOGGLE_HITBOXES,Toggle Hitboxes,攻撃判定トグル,
UI_TRAINING_RESET_POSITIONS,Reset Positions,位置リセットする,
UI_PLACEHOLDER_YOUR_NAME,Your Name,ハンドル：,
UI_LABEL_TIMER_INITIAL,Time: 10,時間：10,
UI_COMBO_INPUTS_FACING_RIGHT,Inputs are performed while facing right,入力は右を向いて行う,
UI_COMBO_HINT_FALLING_5C,[i]Hint: Use Jump5C as you are falling.[/i],[i]ヒント：落下しながら Jump5C を当たる。[/i],
UI_COMBO_HINT_FALLING_5B,[i]Hint: Use Jump5B as you are falling.[/i],[i]ヒント：落下しながら Jump5B を当たる。[/i],
UI_COMBO_HINT_DIRECTIONS,[i]Hint: Quickly move the directions first and then press the attack button![/i],[i]ヒント：まず方向キーを素早く動かしてから、攻撃ボタンを押しょう！[/i],
UI_COMBO_HINT_SUBARU_SPECIAL,[i]Hint: Prepare the special move directions while Crouch2B is happening. The Down input in Crouch2B counts for Stinger ![/i],,
UI_COMBO_HINT_MIO_SPECIAL,[i]Hint: Prepare the special move directions while Stand6C is happening. The Right input in Stand6C counts for MioCards ![/i],,
UI_COMBO_JUMP,[i]Jump[/i],[i]ジャンプ[/i],
UI_COMBO_DOUBLE_JUMP,[i]Double jump[/i],[i]2段ジャンプ[/i],
UI_COMBO_HINT_PRESS_UP,[i]Hint: Press up as soon as you hit the opponent![/i],,
UI_COMBO_HINT_THROW_HIT,A + B + C [i]during throw hit[/i],A + B + C [i]投げヒット間に[/i],
UI_COMBO_HINT_CORNER_ONLY,[color=yellow]Corner Only[/color] [i]Hint: Land and jump again after each Jump2C ![/i],[color=yellow]画面端だけに[/color] [i] Jump2C後に着地してジャンプ！[/i],
UI_COMBO_HINT_AIR_DASH_FAST,[i]Hint: Try to air dash as fast as possible![/i],,
UI_COMBO_HINT_CLEAN_HIT,[i]Hint: The first Jump6C requires a [color=yellow]clean hit[/color]. Good Luck![/i],,
UI_COMBO_HOLD_LEFT,[i]Hold Left[/i],,
UI_COMBO_DELAY,[i]Delay[/i],[i]ディレイ[/i],
UI_COMBO_GROUND_BOUNCE,[i]Ground bounce after each air move[/i],[i]それぞれの空中攻撃に床バウンドする[/i],
UI_COMBO_DELAY_JUMP,[i]Delay Jump[/i],[i]ディレイジャンプ[/i],
UI_COMBO_HINT_HATOTAURUS_RELEASE,[i]Hint: Hatotaurus attacks when you [color=yellow]release[/color] attack buttons![/i],,
UI_COMBO_BONUS_HATO,[i]Bonus: SummonHato[/i],[i]お負け： SummonHato[/i],
UI_COMBO_INSTANT_AIR_DASH,[i]Instant air dash[/i],[i]低空ダッシュ[/i],
UI_COMBO_LANDING_CANCEL,[i]Landing cancel[/i],[i]着地キャンセル[/i],
UI_COMBO_AIR_DASH,[i]Air dash[/i],[i]空中ダッシュ[/i],
UI_COMBO_AIRDASH,[i]Airdash[/i],[i]空中ダッシュ[/i],
UI_COMBO_HINT_HIT_STANCE_SCISSORS,[i]Hint: Hit Stance D and Scissors in very quick succession[/i],,
UI_COMBO_HINT_START_SUISEI,[i]Hint: Start the combo in Suisei mode[/i],[i]ヒント：すいせいモードに始まる[/i],
UI_COMBO_HINT_ASSIST_BEHIND,[i]Hint: Use AssistAttack2 when Fubuki is behind the opponent[/i],[i]ヒント：フブキが相手の後ろに AssistAttack2 を使う[/i],
UI_COMBO_HINT_AIR_THROW_BOUNCE,[i]Hint: Air throw the opponent before they ground bounce[/i],,
UI_COMBO_HOLD_GROUND_THROW,Hold GroundThrowHit,GroundThrowHit を押したままに,
UI_COMBO_HOLD_C,Hold C,C を押したままに,
UI_COMBO_HOLD_A,Hold A,A を押したままに,
UI_COMBO_HOLD_B,Hold B,B を押したままに,
UI_COMBO_OLLIE_SET_HOLD,Set Ollie Rook then Hold A,ルークをセットしてAを押したままに,
UI_COMBO_ASSIST_STEER_RIGHT,AssistAttack2 : Hold and steer right,AssistAttack2 : 右と押したままに,
UI_COMBO_WORD_AIR,(Air),(空中),
UI_COMBO_WORD_AIR_OK,(Air OK),(空中可),
UI_COMBO_WORD_CLOSE,close,近,
UI_COMBO_WORD_RELEASE,Release,離し,
UI_COMBO_WORD_TAP,Tap,押し,
UI_COMBO_WORD_HOLD,Hold,押したままに,
UI_COMBO_WORD_THEN,then,そして,
UI_COMBO_WORD_EARLY,Early,早い,
UI_COMBO_WORD_PERFECT,Perfect,パーフェクト,
UI_COMBO_WORD_ENHANCED,enhanced,溜めた,
UI_COMBO_WORD_CHARGE,Charge,溜め,
UI_COMBO_WORD_FLIGHT,(Flight),(飛行),
UI_COMBO_WORD_STANCE,stance,構え,
UI_COMBO_WORD_CHANGE,change,変わる,
UI_COMBO_WORD_OR,or,か,
(Check HH mechanics writeup for more detail and hidden mechanics),(Check HH mechanics writeup for more detail and hidden mechanics),,
[color=red] oh no,[color=red] oh no,[color=red] やばい,
1 meter + 2 assist stock,1 meter + 2 assist stock,,
"1 meter + 2 assist stock, burst super meter cost increases after use","1 meter + 2 assist stock, burst super meter cost increases after use",,
1 super bar,1 super bar,,
2 hit projectile. Hitting star ball enhances projectile,2 hit projectile. Hitting star ball enhances projectile,,
"2 way Steering, Multi hit","2 way Steering, Multi hit",,
25KG Grip Strength,25KG Grip Strength,25KG握力,
50KG Grip Strength,50KG Grip Strength,50KG握力,
99 strength,99 strength,99力,
"A super low crouch, blocking is still OK","A super low crouch, blocking is still OK",超しゃがみ、ガードできる,
Air dash:,Air dash:,空中ダッシュ：,
Air Knockdown. Try hitting a 5D fireball with this,Air Knockdown. Try hitting a 5D fireball with this,,
Air Rave SP,Air Rave SP,,
Air Recovery,Air Recovery,空中硬直,
Air Throw Cancel,Air Throw Cancel,空投げキャンセル,
AirDash,AirDash,空中ダッシュ,
Airdash cancel,Airdash cancel,空中ダッシュキャンセル,
Airdashes are air hops,Airdashes are air hops,ユニーク空中ダッシュ,
Airdashs are angled down,Airdashes are angled down,空中ダッシュは下向きに傾いている,
Akai na...,Akai na...,赤いな…,
Alternate version that only launches opponent,Alternate version that only launches opponent,,
Alters Oga's air movement,Alters Oga's air movement,空中移動を変わる,
Amane Kanata,Amane Kanata,天音かなた,
Anti Air,Anti Air,対空,
anti air,anti air,対空,
Anti air and command jump,Anti air and command jump,,
Anti Air. Try hitting a 5D fireball with this,Anti Air. Try hitting a 5D fireball with this,,
anti-air Normals,anti-air Normals,対空通常技,
Aragami Oga,Aragami Oga,荒咬オウガ,
Assault,Assault,アサルト,
4 way Steering,4 way Steering,4方向ステアリング,
4 way Steering and Multi hit,4 way Steering and Multi hit,4方向ステアリング,
6D Guard Cancel,6D Guard Cancel,6D ガードキャンセル,
Assist Chain,Assist Chain,アシスト連打,
Assist character cancels into any assist attack,Assist character cancels into any assist attack,アシストキャラが何でもアシスト攻撃にキャンセルできる,
Assist: Amane Kanata,Assist: Amane Kanata,アシスト：天音かなた,
Assist: Aragami Oga,Assist: Aragami Oga,アシスト：荒咬オウガ,
Assist: Banzoin Hakka,Assist: Banzoin Hakka,アシスト：万象院ハッカ,
Assist: Kureiji Ollie,Assist: Kureiji Ollie,アシスト：クレイジー・オリー,
Assist: Machina X Flayon,Assist: Machina X Flayon,アシスト：マキナ・X・フレオン,
Assist: Nekomata Okayu and Inugami Korone,Assist: Nekomata Okayu and Inugami Korone,アシスト：猫又おかゆと戌神ころね,
Assist: Ookami Mio,Assist: Ookami Mio,アシスト：大神ミオ,
Assist: Oozora Subaru,Assist: Oozora Subaru,アシスト：大空スバル,
Assist: Rikka,Assist: Rikka,アシスト：律可,
Assist: Shirakami Fubuki,Assist: Shirakami Fubuki,アシスト：白上フブキ,
Assist: Tokino Sora,Assist: Tokino Sora,アシスト：ときのそら,
Assist: Tsukumo Sana,Assist: Tsukumo Sana,アシスト：九十九佐命,
Assist1,Assist1,アシスト１,
Assist2,Assist2,アシスト２,
AssistSuper,AssistSuper,アシストスーパー,
Astrogirl,Astrogirl,Astrogirl,
Attacks,Attacks,攻撃,
B and C (EX) version are invul reversals,B and C (EX) version are invul reversals,,
B and C versions are jump cancel OK,B and C versions are jump cancel OK,,
Backdash,Backdash,バックステップ,
Backdash is abnormally invul,Backdash is abnormally invul,,
Backdash:,Backdash:,バックステップ：,
Backflips and recovers midair,Backflips and recovers midair,,
Bases Loaded,Bases Loaded,満塁,
Basic Controls,Basic Controls,ベーシックコントロール,
Batter Swing,Batter Swing,打者スイング,
Bibbidi,Bibbidi,Bibbidi,
Bishop,Bishop,ビショップ,
"Blazing fast invincible command grab, steerable left and right","Blazing fast invincible command grab, steerable left and right",超早いコマンド投げ、左右にステアリングできる,
Bobbidi,Bobbidi,Bobbidi,
Bootdive,Bootdive,,
BreadLoops,BreadLoops,Breadループ,
Build sync rate quickly when held,Build sync rate quickly when held,,
Burst,Burst,バースト,
Bzzt Boom Replica,Bzzt Boom Replica,ビリビリガーン！レプリカ,
Bzzt Boom!,Bzzt Boom!,ビリビリガーン！,
C Buttons,C Buttons,C ボタン,
Can be slightly steered in 4 directions,Can be slightly steered in 4 directions,4方向ステアリング,
Can cancel air normals into air throw,Can cancel air normals into air throw,空中攻撃から空投げにキャンセルできる,
Can cancel any normal into any different normal,Can cancel any normal into any different normal,何でも通常技から通常技にキャンセルできる,
Can double jump after,Can double jump after,後2段ジャンプできる,
Cancel Flight normals into 4 way airdash,Cancel Flight normals into 4 way airdash,飛行攻撃から4方向空中ダッシュにキャンセルできる,
Cancels into itself,Cancels into itself,自体に連打キャンセルできる,
Caramel Thrust,Caramel Thrust,Caramel 刺す,
Card Knives,Card Knives,カードクナイ,
Card Teleport,Card Teleport,カードテレポート,
Card Toss,Card Toss,カード放る,
Chaos Soul Wing,Chaos Soul Wing,,
Chariot Pulse,Chariot Pulse,,
Clay shooter,Clay shooter,,
Clean Hit at long range,Clean Hit at long range,,
Clean hit at mid range,Clean hit at mid range,,
Clean Hit Swing,Clean Hit Swing,,
Colossal Piano,Colossal Piano,,
"Combo tool, double jump cancel OK","Combo tool, double jump cancel OK",,
"Combo tool, niche overhead","Combo tool, niche overhead",,
"Command Grab, cancel into normals or jump on hit","Command Grab, cancel into normals or jump on hit",,
Command Normals,Command Normals,,
"Crossup overhead and low crush, double jump cancel OK, jumps on first frame","Crossup overhead and low crush, double jump cancel OK, jumps on first frame",,
Crossups for days,Crossups for days,,
Crouching heavy punch,Crouching heavy punch,,
Cut,Cut,,
Dash,Dash,,
"Dashing rapid slash, low profile","Dashing rapid slash, low profile",,
Defense,Defense,ディフェンス,
Demon Scythe: Slash Mode,Demon Scythe: Slash Mode,,
Deus EX Machina,Deus EX Machina,デウス・エクス・マキナ,
DiveKick,DiveKick,ダイブキック,
Dodge Roll,Dodge Roll,,
Dodges in place,Dodges in place,,
"DP, delay cancels into air throw","DP, delay cancels into air throw",,
Duck Punch,Duck Punch,昇鴨拳,
Enter stance with followups,Enter stance with followups,,
Even cleaner hit at mid range,Even cleaner hit at mid range,,
EX Hero's Corridor,EX Hero's Corridor,,
Exorcist Tags,Exorcist Tags,,
Fast Fall,Fast Fall,,
Fifty KG Grip Strength,Fifty KG Grip Strength,,
"Fight on, Kanata! Metered command run followup.","Fight on, Kanata! Metered command run followup.",,
Flight,Flight,飛行,
Flight Exit,Flight Exit,飛行終了,
Flight Normals are reverse chain OK,Flight Normals are reverse chain OK,,
Floaty gravity. Wallbounces on normal hit,Floaty gravity. Wallbounces on normal hit,,
Fly Ball,Fly Ball,,
Flying Drill Crash,Flying Drill Crash,,
follow up rekka to hit projectile,follow up rekka to hit projectile,,
Four Lines Crash,Four Lines Crash,,
Fubuki=the=Kon!-edge,Fubuki=the=Kon!-edge,,
Full invul,Full invul,無敵,
full invul anti air,full invul anti air,無敵対空,
Full invul reversal,Full invul reversal,無敵,
Funny Defense,Funny Defense,ファニーディフェンス,
Ginger Crusher,Ginger Crusher,,
Gorilla Dunk,Gorilla Dunk,ゴリラ,
Grappler's Soul,Grappler's Soul,投げキャラの魂,
Ground Ball,Ground Ball,,
Ground bounces multiple times on normal hit,Ground bounces multiple times on normal hit,,
Ground bounces on normal hit,Ground bounces on normal hit,,
Ground Throws,Ground Throws,投げ,
Groundbounces on normal hit,Groundbounces on normal hit,,
guard crusher,guard crusher,,
Guard: High,Guard: High,ガード：中段,
Guard: Mid,Guard: Mid,ガード：上段,
Halts air momentum on the first frame,Halts air momentum on the first frame,,
Has 2 airdashes,Has 2 airdashes,,
Has become a step dash,Has become a step dash,,
Hato Attacks,Hato Attacks,,
Hato Hit,Hato Hit,,
HATO ON,HATO ON,HATO ON,
"Hato Super, cancels off of hato attacks, input in the direction Hatotaurus is facing","Hato Super, cancels off of hato attacks, input in the direction Hatotaurus is facing",,
Head Dango,Head Dango,,
Heavy attacks are replaced with stance switch,Heavy attacks are replaced with stance switch,,
Here's my Jollie's best!,Here's my Jollie's best!,,
Hero's Corridor,Hero's Corridor,,
Hi Friend!,Hi Friend!,,
High Jump,High Jump,,
Hit projectile with strikes to change trajectory,Hit projectile with strikes to change trajectory,,
Hit projectile with strikes to enhance projectile,Hit projectile with strikes to enhance projectile,,
Hits before superflash,Hits before superflash,,
Hold and release D for 3 different levels of charge,Hold and release D for 3 different levels of charge,,
Hold any button during opponent's air combo,Hold any button during opponent's air combo,,
"Hold back to charge, release at just timing for an enhanced attack","Hold back to charge, release at just timing for an enhanced attack",,
Hold D and steer Sana in all 4 directions,Hold D and steer Sana in all 4 directions,,
Hold D and steer Sana left or right,Hold D and steer Sana left or right,,
Hold D to hold smollie in place,Hold D to hold smollie in place,,
Hold D to pull yourself away from block pressure,Hold D to pull yourself away from block pressure,,
Hold D to stay on field,Hold D to stay on field,,
Hold D. Keep Subaru on field,Hold D. Keep Subaru on field,,
Hold D. Pulls in your point character towards Sana,Hold D. Pulls in your point character towards Sana,,
"Hold down to charge, release at just timing for an enhanced attack","Hold down to charge, release at just timing for an enhanced attack",,
Hollow Limit : Angel Install,Hollow Limit : Angel Install,,
Hollow Limit : Heaven Breaker,Hollow Limit : Heaven Breaker,,
Hollow Limit : Pleiades Star Barrage,Hollow Limit : Pleiades Star Barrage,,
Hollow Limit : Shubonic Arm,Hollow Limit : Shubonic Arm,,
Hollow Limit: Star Ball Beam,Hollow Limit: Star Ball Beam,,
Holoroid Tuning Guitar,Holoroid Tuning Guitar,,
Hop kick,Hop kick,,
Hoshimachi Suisei,Hoshimachi Suisei,星街すいせい,
Idol's hair pin,Idol's hair pin,,
Increase Moves,Increase Moves,,
Infinity Beam,Infinity Beam,無限ビーム,
Instant overhead,Instant overhead,昇り中段,
Invincible Super,Invincible Super,無敵スーパー,
Invul advancing launcher,Invul advancing launcher,,
invul reversal,invul reversal,無敵リバーサル,
"Invul reversal, ground bounces on second hit","Invul reversal, ground bounces on second hit",無敵リバーサル、二回ヒットが床バウンド,
"Invul reversal, Groundbounces on normal hit.","Invul reversal, Groundbounces on normal hit.",,
Jump,Jump,,
Jump Cancels,Jump Cancels,,
jump Normals,jump Normals,,
"Kanata's signature command grab, steerable left and right","Kanata's signature command grab, steerable left and right",,
Koro Hammer,Koro Hammer,,
Kureiji Ollie,Kureiji Ollie,クレイジー・オリー,
Kurokami Flip,Kurokami Flip,黒上側宙,
Kyou mo Hasami,Kyou mo Hasami,,
Launch,Launch,,
Launcher,Launcher,,
Level 1,Level 1,レベル１,
Level 1 and 2 assist stocks,Level 1 and 2 assist stocks,,
Level 2,Level 2,レベル２,
Level 3,Level 3,レベル３,
Level 5,Level 5,レベル５,
Light Punch,Light Punch,小パン,
lockdown projectile,lockdown projectile,,
Long distance invul reversal,Long distance invul reversal,,
long range anti air,long range anti air,,
Low profile,Low profile,,
Machina X Flayon,Machina X Flayon,マキナ・X・フレオン,
Many jump normals have reverse gatlings / rebeats,Many jump normals have reverse gatlings / rebeats,,
Metal Scream Galaxy,Metal Scream Galaxy,,
Mio Cannon,Mio Cannon,ミオ・キャノン,
Mio teleports a fixed distance forwards,Mio teleports a fixed distance forwards,,
Missing,Missing,なし,
Missing moves,Missing moves,なし攻撃,
Moon Jump,Moon Jump,ムーンジャンプ,
Movement,Movement,移動技,
Multi hit,Multi hit,,
Multi hit crossup,Multi hit crossup,,
Multi hit projectile,Multi hit projectile,,
Multi hit punch rush,Multi hit punch rush,,
Multiple assist calls,Multiple assist calls,,
Next Color Chainsaw,Next Color Chainsaw,次色チェーンソー,
No airdashes,No airdashes,空中ダッシュなし,
No close B,No close B,,
No reverse chains on command normals,No reverse chains on command normals,,
No run,No run,,
None,None,なし,
Not invul!,Not invul!,,
Note:,Note:,おまけ：,
Nun-Nun Fence,Nun-Nun Fence,,
Nun-Nun Step,Nun-Nun Step,,
Offense,Offense,攻め技,
Oga Rocket,Oga Rocket,,
Oga Spike,Oga Spike,,
Ogayu Advance!,Ogayu Advance!,おがゆ突撃！,
OH!-ga,OH!-ga,,
Only A normals are jump cancel OK,Only A normals are jump cancel OK,,
"Only jA hits high, all other jump normals hit mid","Only jA hits high, all other jump normals hit mid",,
Ookami Mio,Ookami Mio,大神ミオ,
Oozora Subaru,Oozora Subaru,大空スバル,
Other-Worldly 50KG Grip Strength,Other-Worldly 50KG Grip Strength,,
"Overhead dive kick, double jump cancel OK","Overhead dive kick, double jump cancel OK",,
Papakin's Son,Papakin's Son,PAPAKINの息子,
Pegasus,Pegasus,,
Pizza Cutter,Pizza Cutter,ピザカッター,
Pleiades Star Ball,Pleiades Star Ball,,
Po Po Po!,Po Po Po!,ポポポ！,
Pop Pop Udin Formation,Pop Pop Udin Formation,,
pushes back attackers more,pushes back attackers more,,
Raging Twister Strike,Raging Twister Strike,,
Raibu Cancel,Raibu Cancel,ライブキャンセル,
Rekka series,Rekka series,烈火攻撃,
"Rekka special, follow ups can whiff cancel","Rekka special, follow ups can whiff cancel",,
Release A for horizontal space control,Release A for horizontal space control,,
"Release A, B, or C to bounce on the opponent","Release A, B, or C to bounce on the opponent",,
Release B for diagonal space control,Release B for diagonal space control,,
Release C for ...knight shaped? space control,Release C for ...knight shaped? space control,,
Release D to do an overhead punch. (Air version hits mid),Release D to do an overhead punch. (Air version hits mid),,
Reverse Chains,Reverse Chains,リバースビート,
Reverse Temperance Crash,Reverse Temperance Crash,,
Rook,Rook,ルーク,
Run,Run,走り,
Run is a short step dash,Run is a short step dash,走りは,
Run is slow to start up,Run is slow to start up,走りは最初から遅い,
Run:,Run:,走り：,
Ryuken-shiki,Ryuken-shiki,竜拳式,
Ryuken-shiki 2,Ryuken-shiki 2,竜拳式2,
Sanallite,Sanallite,Sanallite,
Shattered Wings,Shattered Wings,,
Slap back,Slap back,スラップバック,
Smollie Kiiiick!,Smollie Kiiiick!,,
Smollie Queen,Smollie Queen,,
"Smollie, hold down the neutral","Smollie, hold down the neutral",,
Some anti air normals have reverse gatlings / rebeats,Some anti air normals have reverse gatlings / rebeats,,
Some Flight Normals can be held to enhance them,Some Flight Normals can be held to enhance them,,
Specials,Specials,,
Spend super meter to fly,Spend super meter to fly,,
Stance cancel on hit,Stance cancel on hit,,
Stance cancel on whiff and hit,Stance cancel on whiff and hit,,
Star Ball,Star Ball,,
Star Ball Toss,Star Ball Toss,,
Starts with a back sway,Starts with a back sway,,
Steal Home,Steal Home,,
Steer smollie with 4 and 6 inputs,Steer smollie with 4 and 6 inputs,,
Steerable ender,Steerable ender,,
Steerable in 4 directions,Steerable in 4 directions,,
Steerable left and right,Steerable left and right,,
"Steerable left and right, Groundbounces on normal hit","Steerable left and right, Groundbounces on normal hit",,
Steerable multi hitting anti air,Steerable multi hitting anti air,,
Stellar Stellar,Stellar Stellar,,
Step dash,Step dash,,
Subaru fires off 4 star balls. Hitting star ball changes trajectory,Subaru fires off 4 star balls. Hitting star ball changes trajectory,,
Suicopath cannot air tech,Suicopath cannot air tech,,
Suicopath cannot build super meter,Suicopath cannot build super meter,,
Suicopath cannot jump,Suicopath cannot jump,,
Suicopath Mode,Suicopath Mode,,
Summon,Summon,召喚,
Summon Concentration,Summon Concentration,召喚集中,
Summon Hatotaurus,Summon Hatotaurus,ハトタウロスを召喚する,
"Summons chess pieces, can hold the button","Summons chess pieces, can hold the button",,
"Summons enhanced chess pieces, can be held with negative edge","Summons enhanced chess pieces, can be held with negative edge",,
Summons Mio,Summons Mio,ミオを召喚する,
Super Clean Hit Swing,Super Clean Hit Swing,,
Super Ginger Crusher,Super Ginger Crusher,,
Super jump challenge,Super jump challenge,,
Superjump:,Superjump:,スーパージャンプ：,
Supers,Supers,スーパー,
Taiga!,Taiga!,タイガ！,
Taurus Thunder,Taurus Thunder,タウロス・サンダー,
Tenshi Body Splash,Tenshi Body Splash,,
Tenshi Smash,Tenshi Smash,天使スマッシュ,
Teyah! Combo tool and corner carry,Teyah! Combo tool and corner carry,テイヤー！,
The Great Grappler's Duster Kick,The Great Grappler's Duster Kick,,
The Tsukumo System,The Tsukumo System,,
Throw / Air Throw,Throw / Air Throw,投げ / 空投げ,
Throw hits at mid range,Throw hits at mid range,,
Time to get fancy!,Time to get fancy!,,
Tokusha-seizon Wandarada-!!,Tokusha-seizon Wandarada-!!,,
Tone Tuning Guitar,Tone Tuning Guitar,,
Tower Force,Tower Force,,
Tuning Guitar,Tuning Guitar,チューニングギター,
Triangle Jump,Triangle Jump,,
Tuna Punch,Tuna Punch,ツナパンチ,
Twintail Drill,Twintail Drill,,
two hitting upper body invul attack,two hitting upper body invul attack,,
Udin Formation,Udin Formation,,
Unfortunately does not force out the opponent's assist,Unfortunately does not force out the opponent's assist,本物スナップバックじゃないから残念,
Unique Movement,Unique Movement,ユニーク移動技,
Unique Normals,Unique Normals,ユニーク通常技,
Universal launcher,Universal launcher,,
"Universal launcher, close range dead zone","Universal launcher, close range dead zone",,
"Universal launcher, Jump cancel OK","Universal launcher, Jump cancel OK",,
Unsummon,Unsummon,送還,
Unsummons Hatotaurus,Unsummons Hatotaurus,ハトタウロスを送還する,
Unsummons Mio,Unsummons Mio,ミオを送還する,
Upper body invul,Upper body invul,上半身無敵,
Upper body invul. Cat attack!,Upper body invul. Cat attack!,上半身無敵。猫やんけ！,
Wallbounces on normal hit,Wallbounces on normal hit,普通のヒット壁バウンド,
WARNING,WARNING,WARNING,
Wave Fang 2,Wave Fang 2,,
Whiffs on most crouchers,Whiffs on most crouchers,大半のしゃがみに空振り,
Wing Shield,Wing Shield,,
Wing Stance,Wing Stance,,
Wing Stance Exit,Wing Stance Exit,,
Wing Tackle,Wing Tackle,翼タックル,
Yoru wo Matsuyo,Yoru wo Matsuyo,夜を待つよ,
Ground Backdash,Ground Backdash,バックステップ,